{"schemaVersion":"1.0","appDefinitionTemplate":{"id":"/providers/Microsoft.PowerApps/apps/","type":"Microsoft.PowerApps/apps","tags":{"primaryDeviceWidth":"640","primaryDeviceHeight":"1136","sienaVersion":"20200930T202454Z-3.20093.27.0","deviceCapabilities":"","supportsPortrait":"true","supportsLandscape":"false","primaryFormFactor":"Phone","publisherVersion":"3.20093.27","minimumRequiredApiVersion":"2.2.0","hasComponent":"false","hasUnlockedComponent":"false","isUnifiedRootApp":"false"},"properties":{"appVersion":"2020-09-30T20:24:54Z","lifeCycleId":"Published","createdByClientVersion":{"major":3,"minor":20093,"build":27,"revision":0,"majorRevision":0,"minorRevision":0},"minClientVersion":{"major":3,"minor":20093,"build":27,"revision":0,"majorRevision":0,"minorRevision":0},"backgroundColor":"rgba(0, 176, 240, 1)","backgroundImageUri":"/13445090735935066573/N4d8408e7-f792-41cf-af23-dbaae5973a85-logoSmallFile","displayName":"Inventory","description":"","commitMessage":"","appUris":{"documentUri":{"value":"/13445090735935066573/Nda4e9cf6-7031-4cbf-9a14-0d84b013febe-document.msapp","readonlyValue":"/13445090735935066573/Nda4e9cf6-7031-4cbf-9a14-0d84b013febe-document.msapp"},"imageUris":[]},"createdTime":"0001-01-01T00:00:00Z","lastModifiedTime":"0001-01-01T00:00:00Z","sharedGroupsCount":0,"sharedUsersCount":0,"icons":{"smallIconUri":"/13445090735935066573/Nf24da575-378c-4dd2-b8d3-463186437686-small.png","mediumIconUri":"/13445090735935066573/N0693f5cc-eb79-46f0-8168-4dd615f65adc-medium.png","largeIconUri":"/13445090735935066573/N6741f30c-f07d-4111-acaa-ac0c748f729d-large.png","wideIconUri":"/13445090735935066573/N2389b0aa-fcb6-4b28-9067-3f94ea30579f-wide.png"},"connectionReferences":{"e3e813a9-c220-4434-b2dd-3458f23896fc":{"id":"1934efa4-0b21-408d-a4d3-3679b1a5411c","displayName":"SharePoint","iconUri":"https://connectoricons-prod.azureedge.net/releases/v1.0.1398/1.0.1398.2149/sharepointonline/icon.png","dataSources":["Inventory"],"dependencies":[],"dependents":[],"parameterHints":{},"isOnPremiseConnection":false,"bypassConsent":false,"dataSets":{"https://poweradvancement.sharepoint.com/sites/power":{"dataSources":{"Inventory":{"tableName":"e95ff364-681e-4e24-a955-8d9bd3ad0d85"}}}},"apiTier":"Standard","isCustomApiConnection":false},"25198387-b2c9-4b1e-a81e-b57a255d250a":{"id":"1934efa4-0b21-408d-a4d3-3679b1a5411c","displayName":"SharePoint","iconUri":"https://connectoricons-prod.azureedge.net/releases/v1.0.1398/1.0.1398.2149/sharepointonline/icon.png","dataSources":["Users"],"dependencies":[],"dependents":[],"parameterHints":{},"isOnPremiseConnection":false,"bypassConsent":false,"dataSets":{"https://poweradvancement.sharepoint.com/sites/power":{"dataSources":{"Users":{"tableName":"bba83f62-bb28-45b2-a223-6bfe775ddf5b"}}}},"apiTier":"Standard","isCustomApiConnection":false}},"databaseReferences":{},"almMode":"Environment","performanceOptimizationEnabled":true,"canConsumeAppPass":true},"isAppComponentLibrary":false,"appType":"ClassicCanvasApp","appComponents":[]}}