<ImportExportXml xmlns:xsi="http://www.w3.org/2001/XMLSchema-instance">
  <Entities>
    <Entity>
      <Name LocalizedName="Business Unit" OriginalName="">BusinessUnit</Name>
      <FormXml>
        <forms type="main">
          <systemform>
            <formid>{80646ff2-cc01-eb11-a813-000d3af010d0}</formid>
            <IntroducedVersion>1.0</IntroducedVersion>
            <FormPresentation>1</FormPresentation>
            <FormActivationState>1</FormActivationState>
            <form headerdensity="HighWithControls">
              <tabs>
                <tab name="general" verticallayout="true" id="{cfab2cf1-b18a-47e0-aaab-652d981e0b15}" IsUserDefined="0" labelid="{2e3fd77e-d4de-4b7d-9e55-9a80689cfaa1}">
                  <labels>
                    <label description="General" languagecode="1033" />
                  </labels>
                  <columns>
                    <column width="100%">
                      <sections>
                        <section name="section 1" showlabel="false" showbar="false" id="{73df77a5-246c-4457-a19f-a603d0c42dc5}" IsUserDefined="0" labelid="{6205b00c-f7c8-4047-bf9b-5476c564aab5}">
                          <labels>
                            <label description="Section 1" languagecode="1033" />
                          </labels>
                          <rows>
                            <row>
                              <cell id="{7d7e8b42-03aa-4d9a-b73c-21c0fcb989e5}" labelid="{06f09f39-ad74-41a3-9f98-bd29446c2a06}">
                                <labels>
                                  <label description="Name" languagecode="1033" />
                                </labels>
                                <control id="name" classid="{4273EDBD-AC1D-40d3-9FB2-095C621B552D}" datafieldname="name" />
                              </cell>
                              <cell id="{bbbd5d6c-3f7a-498a-950b-ccf999091630}" labelid="{44270417-766e-45c8-8e55-e4261742788b}">
                                <labels>
                                  <label description="Main Phone" languagecode="1033" />
                                </labels>
                                <control id="address1_telephone1" classid="{4273EDBD-AC1D-40d3-9FB2-095C621B552D}" datafieldname="address1_telephone1" />
                              </cell>
                            </row>
                            <row>
                              <cell id="{141d1032-4c53-4680-9c89-6d29c0fe4828}" labelid="{d3908f8c-3c98-40e8-a730-3acd5c187e15}">
                                <labels>
                                  <label description="Division" languagecode="1033" />
                                </labels>
                                <control id="divisionname" classid="{4273EDBD-AC1D-40d3-9FB2-095C621B552D}" datafieldname="divisionname" />
                              </cell>
                              <cell id="{9bfad2ba-908b-4291-9fd5-1462c167d0a1}" labelid="{d4f6efaa-f007-420a-b872-4eae2eb53c8e}">
                                <labels>
                                  <label description="Other Phone" languagecode="1033" />
                                </labels>
                                <control id="address1_telephone2" classid="{4273EDBD-AC1D-40d3-9FB2-095C621B552D}" datafieldname="address1_telephone2" />
                              </cell>
                            </row>
                            <row>
                              <cell id="{02d736ce-1596-4b8a-ae5f-876e47808aba}" labelid="{e61cbe0e-c817-427f-bda6-19b893040083}">
                                <labels>
                                  <label description="Parent Business" languagecode="1033" />
                                </labels>
                                <control id="parentbusinessunitid" classid="{270BD3DB-D9AF-4782-9025-509E298DEC0A}" datafieldname="parentbusinessunitid" />
                              </cell>
                              <cell id="{0f16a18f-52b2-48de-9d71-1bf7e02e9ae2}" labelid="{6ed91881-45c5-4b5c-910a-0bc2c3a8b8e2}">
                                <labels>
                                  <label description="Fax" languagecode="1033" />
                                </labels>
                                <control id="address1_telephone3" classid="{4273EDBD-AC1D-40d3-9FB2-095C621B552D}" datafieldname="address1_telephone3" />
                              </cell>
                            </row>
                            <row>
                              <cell id="{8d78399a-96e0-4335-a0ca-eaf670473b08}" labelid="{6dd8752c-4555-45c4-9fe1-e6cb46e391e3}">
                                <labels>
                                  <label description="Website" languagecode="1033" />
                                </labels>
                                <control id="websiteurl" classid="{71716B6C-711E-476c-8AB8-5D11542BFB47}" datafieldname="websiteurl" />
                              </cell>
                              <cell id="{f20442e1-b679-4988-aeba-3576b35047ba}" labelid="{55e4344e-b5cc-4e99-8454-2346b495fc88}">
                                <labels>
                                  <label description="Email" languagecode="1033" />
                                </labels>
                                <control id="emailaddress" classid="{ADA2203E-B4CD-49be-9DDF-234642B43B52}" datafieldname="emailaddress" />
                              </cell>
                            </row>
                          </rows>
                        </section>
                      </sections>
                    </column>
                  </columns>
                </tab>
                <tab name="addresses" id="{3ff9204b-c090-4264-ab41-4d0fd3fb77cc}" IsUserDefined="0" labelid="{d3646622-521e-4cb4-b8f1-fc1ed683a5c8}">
                  <labels>
                    <label description="Addresses" languagecode="1033" />
                  </labels>
                  <columns>
                    <column width="100%">
                      <sections>
                        <section name="bill to address" showlabel="true" showbar="true" id="{df597351-a325-44d3-b356-d5f1e98e6553}" IsUserDefined="0" labelid="{b092ef47-d58b-4a28-85e9-1bb874d43e5c}">
                          <labels>
                            <label description="Bill To Address" languagecode="1033" />
                          </labels>
                          <rows>
                            <row>
                              <cell id="{744ba048-b3bc-4545-bebb-adcfa6009a14}" labelid="{74c31a12-2e1c-4365-b006-ed4f5e57c5e8}">
                                <labels>
                                  <label description="Street 1" languagecode="1033" />
                                </labels>
                                <control id="address1_line1" classid="{4273EDBD-AC1D-40d3-9FB2-095C621B552D}" datafieldname="address1_line1" />
                              </cell>
                              <cell id="{e9040c00-9980-4a84-b08c-d8dc65768403}" labelid="{3ea652fb-dc08-4fe7-bdc5-3ba7e49a1c72}">
                                <labels>
                                  <label description="State/Province" languagecode="1033" />
                                </labels>
                                <control id="address1_stateorprovince" classid="{4273EDBD-AC1D-40d3-9FB2-095C621B552D}" datafieldname="address1_stateorprovince" />
                              </cell>
                            </row>
                            <row>
                              <cell id="{4e1c8d2b-19c2-43ce-b81a-1abe9c316391}" labelid="{607b0f49-9061-4382-bb48-ba9b90207c33}">
                                <labels>
                                  <label description="Street 2" languagecode="1033" />
                                </labels>
                                <control id="address1_line2" classid="{4273EDBD-AC1D-40d3-9FB2-095C621B552D}" datafieldname="address1_line2" />
                              </cell>
                              <cell id="{85960798-95cf-4b23-bada-e9c3369fcb80}" labelid="{3ddc07f0-e70c-403c-8967-49d688811c15}">
                                <labels>
                                  <label description="ZIP/Postal Code" languagecode="1033" />
                                </labels>
                                <control id="address1_postalcode" classid="{4273EDBD-AC1D-40d3-9FB2-095C621B552D}" datafieldname="address1_postalcode" />
                              </cell>
                            </row>
                            <row>
                              <cell id="{d550e828-3d74-4d8c-80f0-967f497166b2}" labelid="{4d3da2d5-0009-4a6c-a694-899616e11b45}">
                                <labels>
                                  <label description="Street 3" languagecode="1033" />
                                </labels>
                                <control id="address1_line3" classid="{4273EDBD-AC1D-40d3-9FB2-095C621B552D}" datafieldname="address1_line3" />
                              </cell>
                              <cell id="{6337a755-0480-40ea-ac6a-34e89e13e88f}" labelid="{9d8b907b-204f-4ba0-9262-9b81875da6f2}">
                                <labels>
                                  <label description="Country/Region" languagecode="1033" />
                                </labels>
                                <control id="address1_country" classid="{4273EDBD-AC1D-40d3-9FB2-095C621B552D}" datafieldname="address1_country" />
                              </cell>
                            </row>
                            <row>
                              <cell id="{35874209-8122-4066-b1fc-c25b9554f250}" labelid="{1747b65d-b5b4-4e4b-b56d-afcfda4e5658}">
                                <labels>
                                  <label description="City" languagecode="1033" />
                                </labels>
                                <control id="address1_city" classid="{4273EDBD-AC1D-40d3-9FB2-095C621B552D}" datafieldname="address1_city" />
                              </cell>
                              <cell id="{ab02de6b-ddcc-4fb2-a8b8-62188a881ac9}" labelid="{90291c1b-29fa-490d-a6de-96ad0708d5f7}">
                                <labels>
                                  <label description="" languagecode="1033" />
                                </labels>
                              </cell>
                            </row>
                          </rows>
                        </section>
                        <section name="ship to address" showlabel="true" showbar="true" id="{e7f7fb01-ff2f-40ad-bdfc-534f1a71ea5f}" IsUserDefined="0" labelid="{6346a56d-eeef-42a3-927f-9aaa1279c561}">
                          <labels>
                            <label description="Ship To Address" languagecode="1033" />
                          </labels>
                          <rows>
                            <row>
                              <cell id="{e5b43d8e-f2f2-4215-ba72-052aeefffe9f}" labelid="{7c2b9588-bd2e-483a-a429-27ae444d5884}">
                                <labels>
                                  <label description="Street 1" languagecode="1033" />
                                </labels>
                                <control id="address2_line1" classid="{4273EDBD-AC1D-40d3-9FB2-095C621B552D}" datafieldname="address2_line1" />
                              </cell>
                              <cell id="{ca2eb859-3be5-42ab-8fc8-2dcae6d53ac4}" labelid="{cbe9b64e-37d4-44ba-b663-68c07bc80bb4}">
                                <labels>
                                  <label description="State/Province" languagecode="1033" />
                                </labels>
                                <control id="address2_stateorprovince" classid="{4273EDBD-AC1D-40d3-9FB2-095C621B552D}" datafieldname="address2_stateorprovince" />
                              </cell>
                            </row>
                            <row>
                              <cell id="{0809f182-9acd-4249-b8f5-66b452848038}" labelid="{a0bf3cfe-f517-42be-979d-38a1accbea20}">
                                <labels>
                                  <label description="Street 2" languagecode="1033" />
                                </labels>
                                <control id="address2_line2" classid="{4273EDBD-AC1D-40d3-9FB2-095C621B552D}" datafieldname="address2_line2" />
                              </cell>
                              <cell id="{6d606673-50d9-4c50-a5b7-4c4d0a4dd6e6}" labelid="{82bed698-237a-43a5-b968-f5fa461be2ae}">
                                <labels>
                                  <label description="ZIP/Postal Code" languagecode="1033" />
                                </labels>
                                <control id="address2_postalcode" classid="{4273EDBD-AC1D-40d3-9FB2-095C621B552D}" datafieldname="address2_postalcode" />
                              </cell>
                            </row>
                            <row>
                              <cell id="{3d931cc0-4998-476c-aff0-1a36f48df8d1}" labelid="{153459c8-183d-4a07-b07f-d8d6506da10b}">
                                <labels>
                                  <label description="Street 3" languagecode="1033" />
                                </labels>
                                <control id="address2_line3" classid="{4273EDBD-AC1D-40d3-9FB2-095C621B552D}" datafieldname="address2_line3" />
                              </cell>
                              <cell id="{7ff00311-3202-4b6b-8b72-a69b4222cf98}" labelid="{45311c69-7fea-49f6-9808-d56f00f5e3b5}">
                                <labels>
                                  <label description="Country/Region" languagecode="1033" />
                                </labels>
                                <control id="address2_country" classid="{4273EDBD-AC1D-40d3-9FB2-095C621B552D}" datafieldname="address2_country" />
                              </cell>
                            </row>
                            <row>
                              <cell id="{aedc50d3-8a40-487d-888f-4b0d70d62ef4}" labelid="{cc4ca51e-47c7-4dd6-a398-234a0e6ec1e0}">
                                <labels>
                                  <label description="City" languagecode="1033" />
                                </labels>
                                <control id="address2_city" classid="{4273EDBD-AC1D-40d3-9FB2-095C621B552D}" datafieldname="address2_city" />
                              </cell>
                              <cell id="{7a134fec-fced-4ded-a58c-d3e455678d67}" labelid="{d0ac7cca-309b-4865-a7a3-d00a5da1fb0d}">
                                <labels>
                                  <label description="" languagecode="1033" />
                                </labels>
                              </cell>
                            </row>
                          </rows>
                        </section>
                      </sections>
                    </column>
                  </columns>
                </tab>
              </tabs>
              <header id="{4884bba5-8275-4119-b3c8-23dcad305433}" celllabelposition="Top" columns="111" labelwidth="115" celllabelalignment="Left">
                <rows>
                  <row>
                    <cell id="{ccb61d58-1a3e-4eaf-a0b0-f21302a82eab}" showlabel="false" labelid="{4989940b-767f-4696-a9d8-54f0940bbef4}">
                      <labels>
                        <label description="" languagecode="1033" />
                      </labels>
                    </cell>
                    <cell id="{f155747d-b29c-470b-9089-39f8ae73c4d4}" showlabel="false" labelid="{5d75a3ad-f5ff-45e2-bfa8-3da314307305}">
                      <labels>
                        <label description="" languagecode="1033" />
                      </labels>
                    </cell>
                    <cell id="{bf703ec1-1d73-4189-8130-ccc7e04ac749}" showlabel="false" labelid="{d4a4006c-6cf6-4c06-b7d0-804cd782be25}">
                      <labels>
                        <label description="" languagecode="1033" />
                      </labels>
                    </cell>
                  </row>
                </rows>
              </header>
              <footer id="{8405457c-d951-435a-8f63-e656a8343604}" celllabelposition="Top" columns="111" labelwidth="115" celllabelalignment="Left">
                <rows>
                  <row>
                    <cell id="{89025dda-811d-44d1-8e09-bd1c0c84c034}" showlabel="false" labelid="{6deb0e2e-f84a-46eb-9cf0-882fcc4d8394}">
                      <labels>
                        <label description="" languagecode="1033" />
                      </labels>
                    </cell>
                    <cell id="{186a5b2b-89ed-4e6a-8281-a87c9b3ff0cd}" showlabel="false" labelid="{9bf4cf80-af38-44b5-aba0-1a9c2ac9f42a}">
                      <labels>
                        <label description="" languagecode="1033" />
                      </labels>
                    </cell>
                    <cell id="{b3737844-3814-4121-82e5-a7fdfaafd7aa}" showlabel="false" labelid="{8a5dba5c-f0e1-445e-81d2-54ae80c31295}">
                      <labels>
                        <label description="" languagecode="1033" />
                      </labels>
                    </cell>
                  </row>
                </rows>
              </footer>
              <DisplayConditions Order="2" FallbackForm="true">
                <Role Id="{627090ff-40a3-4053-8790-584edc5be201}" />
                <Role Id="{119f245c-3cc8-4b62-b31c-d1a046ced15d}" />
              </DisplayConditions>
            </form>
            <IsCustomizable>1</IsCustomizable>
            <CanBeDeleted>1</CanBeDeleted>
            <LocalizedNames>
              <LocalizedName description=" main form" languagecode="1033" />
            </LocalizedNames>
            <Descriptions>
              <Description description="A form for this entity." languagecode="1033" />
            </Descriptions>
          </systemform>
        </forms>
      </FormXml>
      <RibbonDiffXml>
        <RibbonNotSupported />
      </RibbonDiffXml>
    </Entity>
    <Entity>
      <Name LocalizedName="User" OriginalName="">SystemUser</Name>
      <RibbonDiffXml>
        <CustomActions>
          <CustomAction Id="cr02c.systemuser.Button4.ExportButton.CustomAction" Location="Mscrm.Form.systemuser.MainTab.Save.Controls._children" Sequence="25">
            <CommandUIDefinition>
              <Button Alt="$LocLabels:cr02c.systemuser.Button4.ExportButton.Alt" Command="cr02c.systemuser.Command0.Command" Id="cr02c.systemuser.Button4.ExportButton" LabelText="$LocLabels:cr02c.systemuser.Button4.ExportButton.LabelText" Sequence="25" TemplateAlias="o1" ToolTipTitle="$LocLabels:cr02c.systemuser.Button4.ExportButton.ToolTipTitle" ToolTipDescription="$LocLabels:cr02c.systemuser.Button4.ExportButton.ToolTipDescription" />
            </CommandUIDefinition>
          </CustomAction>
        </CustomActions>
        <Templates>
          <RibbonTemplates Id="Mscrm.Templates"></RibbonTemplates>
        </Templates>
        <CommandDefinitions>
          <CommandDefinition Id="cr02c.systemuser.Command0.Command">
            <EnableRules />
            <DisplayRules />
            <Actions>
              <JavaScriptFunction FunctionName="sendFlowRequest" Library="$webresource:cr02c_ExportXl" />
            </Actions>
          </CommandDefinition>
        </CommandDefinitions>
        <RuleDefinitions>
          <TabDisplayRules />
          <DisplayRules />
          <EnableRules />
        </RuleDefinitions>
        <LocLabels>
          <LocLabel Id="cr02c.systemuser.Button4.ExportButton.Alt">
            <Titles>
              <Title description="Export Users" languagecode="1033" />
            </Titles>
          </LocLabel>
          <LocLabel Id="cr02c.systemuser.Button4.ExportButton.LabelText">
            <Titles>
              <Title description="Export Users" languagecode="1033" />
            </Titles>
          </LocLabel>
          <LocLabel Id="cr02c.systemuser.Button4.ExportButton.ToolTipDescription">
            <Titles>
              <Title description="Export Users to Excel in SharePoint" languagecode="1033" />
            </Titles>
          </LocLabel>
          <LocLabel Id="cr02c.systemuser.Button4.ExportButton.ToolTipTitle">
            <Titles>
              <Title description="Export Users" languagecode="1033" />
            </Titles>
          </LocLabel>
        </LocLabels>
      </RibbonDiffXml>
    </Entity>
  </Entities>
  <Roles></Roles>
  <Workflows></Workflows>
  <FieldSecurityProfiles></FieldSecurityProfiles>
  <Templates />
  <EntityMaps />
  <EntityRelationships />
  <OrganizationSettings />
  <optionsets />
  <WebResources>
    <WebResource>
      <WebResourceId>{64ca9db6-8a02-eb11-a813-000d3af010d0}</WebResourceId>
      <Name>cr02c_ExportXl</Name>
      <DisplayName>ExportXl</DisplayName>
      <WebResourceType>3</WebResourceType>
      <IntroducedVersion>1.0</IntroducedVersion>
      <IsEnabledForMobileClient>0</IsEnabledForMobileClient>
      <IsAvailableForMobileOffline>0</IsAvailableForMobileOffline>
      <DependencyXml>&lt;Dependencies&gt;&lt;Dependency componentType="WebResource"/&gt;&lt;/Dependencies&gt;</DependencyXml>
      <IsCustomizable>1</IsCustomizable>
      <CanBeDeleted>1</CanBeDeleted>
      <IsHidden>0</IsHidden>
      <FileName>/WebResources/cr02c_ExportXl64CA9DB6-8A02-EB11-A813-000D3AF010D0</FileName>
    </WebResource>
  </WebResources>
  <CustomControls />
  <EntityDataProviders />
  <Languages>
    <Language>1033</Language>
  </Languages>
</ImportExportXml>