{"name":"66ac7cbf-204f-4e82-9b92-1947d7813503","id":"/providers/Microsoft.Flow/flows/66ac7cbf-204f-4e82-9b92-1947d7813503","type":"Microsoft.Flow/flows","properties":{"apiId":"/providers/Microsoft.PowerApps/apis/shared_logicflows","displayName":"Http -> Create table","definition":{"metadata":{"workflowEntityId":null,"flowclientsuspensionreason":"None","flowclientsuspensiontime":null,"creator":{"id":"acd01652-7923-4e39-a571-386c95c566c1","type":"User","tenantId":"8e1915de-4fcf-4243-ab17-07b7d3c10a68"},"provisioningMethod":"FromDefinition","failureAlertSubscription":true,"clientLastModifiedTime":"2020-10-01T06:57:48.8249416Z"},"$schema":"https://schema.management.azure.com/providers/Microsoft.Logic/schemas/2016-06-01/workflowdefinition.json#","contentVersion":"1.0.0.0","parameters":{"$connections":{"defaultValue":{},"type":"Object"},"$authentication":{"defaultValue":{},"type":"SecureObject"},"cdsruntimecertificate":{"type":"String"},"cdsruntimecertificatepassword":{"type":"SecureString"}},"triggers":{"manual":{"type":"Request","kind":"Http","inputs":{"schema":{}}}},"actions":{"List_records":{"runAfter":{},"type":"OpenApiConnection","inputs":{"host":{"apiId":"/providers/Microsoft.PowerApps/apis/shared_commondataserviceforapps","connectionName":"shared_commondataserviceforapps","operationId":"ListRecords"},"parameters":{"entityName":"systemusers","$select":"firstname,lastname","$top":5},"authentication":"@parameters('$authentication')"}},"Compose":{"runAfter":{"List_records":["Succeeded"]},"type":"Compose","inputs":"@outputs('List_records')?['body/value']"},"Parse_JSON":{"runAfter":{"Compose":["Succeeded"]},"type":"ParseJson","inputs":{"content":"@outputs('Compose')","schema":{"type":"array","items":{"type":"object","properties":{"@@odata.type":{"type":"string"},"@@odata.id":{"type":"string"},"@@odata.etag":{"type":"string"},"@@odata.editLink":{"type":"string"},"firstname":{"type":"string"},"lastname":{"type":"string"},"systemuserid@odata.type":{"type":"string"},"systemuserid":{"type":"string"},"ownerid@odata.type":{"type":"string"},"ownerid":{"type":"string"}},"required":["@@odata.type","@@odata.id","@@odata.etag","@@odata.editLink","firstname","lastname","systemuserid@odata.type","systemuserid","ownerid@odata.type","ownerid"]}}}},"Create_CSV_table":{"runAfter":{"Parse_JSON":["Succeeded"]},"type":"Table","inputs":{"from":"@body('Parse_JSON')","format":"CSV"}},"Create_file":{"runAfter":{"Initialize_variable":["Succeeded"]},"type":"OpenApiConnection","inputs":{"host":{"apiId":"/providers/Microsoft.PowerApps/apis/shared_sharepointonline","connectionName":"shared_sharepointonline","operationId":"CreateFile"},"parameters":{"dataset":"https://poweradvancement.sharepoint.com/sites/power","folderPath":"/Users Excels","name":"@{variables('filename')}.csv","body":"@body('Create_CSV_table')"},"authentication":"@parameters('$authentication')"},"runtimeConfiguration":{"contentTransfer":{"transferMode":"Chunked"}}},"Initialize_variable":{"runAfter":{"Create_CSV_table":["Succeeded"]},"type":"InitializeVariable","inputs":{"variables":[{"name":"filename","type":"string","value":"@{concat('Users',utcNow())}"}]}}},"outputs":{}},"connectionReferences":{"shared_commondataserviceforapps":{"connectionName":"shared-commondataser-9aa5d833-108e-4c8f-a692-30af-4b715e86","source":"Embedded","id":"/providers/Microsoft.PowerApps/apis/shared_commondataserviceforapps","tier":"NotSpecified"},"shared_sharepointonline":{"connectionName":"c0cc8da46c364b9f906629f39db31239","source":"Embedded","id":"/providers/Microsoft.PowerApps/apis/shared_sharepointonline","tier":"NotSpecified"}},"flowFailureAlertSubscribed":false}}